"","UMAP_1","UMAP_2"
"SMARTseqFINAL_allLanes_AACATCCGAAGAGAGG",-4.76061702146046,5.51170713760067
"SMARTseqFINAL_allLanes_AACATCCGCAGTATCG",-4.91742778195851,4.43469889022518
"SMARTseqFINAL_allLanes_AACATCCGCCTCCTAA",-11.9322264231633,15.6916936144989
"SMARTseqFINAL_allLanes_AACATCCGCGAATCTG",-4.37272000684254,4.56881923534084
"SMARTseqFINAL_allLanes_AACATCCGCGCCTATA",-3.33781648053639,3.4638010368507
"SMARTseqFINAL_allLanes_AACATCCGCGGAAGAA",-4.57604051007741,3.96581799842525
"SMARTseqFINAL_allLanes_AACATCCGCGGCATTA",8.0068223439265,-4.32304494522404
"SMARTseqFINAL_allLanes_AACATCCGCTATGTGG",5.09011673555858,-4.00126664779972
"SMARTseqFINAL_allLanes_AACATCCGGAATCCAG",6.8941662274409,-6.3637644543488
"SMARTseqFINAL_allLanes_AACATCCGGAGGAGAA",-11.5295546091985,15.1552432284515
"SMARTseqFINAL_allLanes_AACATCCGGCGACTAA",-4.56470847501271,4.21597130157161
"SMARTseqFINAL_allLanes_AACATCCGGCTTGCTA",6.97842526064403,-6.35028903625798
"SMARTseqFINAL_allLanes_AACATCCGTCCAACAG",2.58938574419505,-4.4193383946259
"SMARTseqFINAL_allLanes_AAGAGACGAACCTAGG",5.31991314516551,-7.02595012329411
"SMARTseqFINAL_allLanes_AAGAGACGACAGTGGA",4.97458767519481,-8.34845321319889
"SMARTseqFINAL_allLanes_AAGAGACGACGTAACG",6.77880262957103,-3.24629228256535
"SMARTseqFINAL_allLanes_AAGAGACGAGTCTCAG",-1.1093292273473,4.81696100093532
"SMARTseqFINAL_allLanes_AAGAGACGCACAGGAA",2.7438042126704,-3.77784841202091
"SMARTseqFINAL_allLanes_AAGAGACGCCAACCAA",-10.7229197062444,15.7071870074432
"SMARTseqFINAL_allLanes_AAGAGACGCCTGAGAA",-2.88449526204579,4.33247263290096
"SMARTseqFINAL_allLanes_AAGAGACGCGGAAGAA",-2.8987488783788,4.25995750285793
"SMARTseqFINAL_allLanes_AAGAGACGCTAAGCAG",5.63643955812938,-4.25942342422795
"SMARTseqFINAL_allLanes_AAGAGACGCTCCAGAA",7.22185444460399,-3.45772235534977
"SMARTseqFINAL_allLanes_AAGAGACGGAAGCATG",7.21054815874583,-4.94209830902409
"SMARTseqFINAL_allLanes_AAGAGACGGCATCGAA",-3.86012387647145,5.39475853301693
"SMARTseqFINAL_allLanes_AAGAGACGGTATGGCA",-1.69847536458485,3.83898289062191
"SMARTseqFINAL_allLanes_AAGAGACGTCCAACAG",4.77461456881053,-4.52581756256413
"SMARTseqFINAL_allLanes_AAGAGACGTCGTGGTA",2.85847472773082,-3.60600917480778
"SMARTseqFINAL_allLanes_AAGAGACGTGAAGAGG",3.89649963007457,-3.97651116989445
"SMARTseqFINAL_allLanes_AAGAGACGTTCACCGA",-0.373169306654861,3.96250731803585
"SMARTseqFINAL_allLanes_AAGCCGTTACCTCACA",-11.6135714091253,15.2058432803314
"SMARTseqFINAL_allLanes_AAGCCGTTAGTCTCAG",-5.09963870419972,-7.25961082123112
"SMARTseqFINAL_allLanes_AAGCCGTTATACACGG",3.1989176236201,-6.83289497040104
"SMARTseqFINAL_allLanes_AAGCCGTTCACAGGAA",6.73262667284496,-3.70849340103459
"SMARTseqFINAL_allLanes_AAGCCGTTCCACTGAA",-0.995644334692886,5.28758270599056
"SMARTseqFINAL_allLanes_AAGCCGTTCCTGAGAA",5.55469059572704,-2.87437789581608
"SMARTseqFINAL_allLanes_AAGCCGTTCGATGGAA",7.00266813860423,-2.75628345154118
"SMARTseqFINAL_allLanes_AAGCCGTTCGGAAGAA",-4.35411382092946,5.25092131950069
"SMARTseqFINAL_allLanes_AAGCCGTTGCATCGAA",5.88645338640697,-2.6889368786652
"SMARTseqFINAL_allLanes_AAGCCGTTGCGACTAA",6.60880016909129,-7.0219446911652
"SMARTseqFINAL_allLanes_AAGCCGTTGCTTGCTA",6.94798302279002,-3.02504079483341
"SMARTseqFINAL_allLanes_AAGCCGTTGTATGGCA",4.24645638094432,-6.13611858032536
"SMARTseqFINAL_allLanes_AAGCCGTTGTTCTGGA",5.93669199572093,-4.76631419800114
"SMARTseqFINAL_allLanes_AAGCCGTTTCGTGGTA",6.16538357363231,-2.8190957798798
"SMARTseqFINAL_allLanes_AAGCCGTTTGAAGAGG",5.24489521608836,-5.14278047226261
"SMARTseqFINAL_allLanes_AAGCGAACAACCTAGG",6.89714026079662,-5.48487537048649
"SMARTseqFINAL_allLanes_AAGCGAACACAGGTTC",3.5212197266627,-3.35684602402043
"SMARTseqFINAL_allLanes_AAGCGAACACGTAACG",5.84216141329295,-3.16136710785221
"SMARTseqFINAL_allLanes_AAGCGAACACTCGTAG",4.48244666681773,-8.08532016418766
"SMARTseqFINAL_allLanes_AAGCGAACAGCGTTCA",7.08814549074657,-4.43462770126652
"SMARTseqFINAL_allLanes_AAGCGAACAGTCTCAG",6.10587238893993,-7.76001899383854
"SMARTseqFINAL_allLanes_AAGCGAACCAGTATCG",3.28304099665172,-6.64865653656315
"SMARTseqFINAL_allLanes_AAGCGAACCCTGAGAA",5.19232964144237,-4.03955762527775
"SMARTseqFINAL_allLanes_AAGCGAACCGATGGAA",3.6096465550471,-4.29432075165104
"SMARTseqFINAL_allLanes_AAGCGAACCGCCTATA",-1.58892631902211,4.84203631736446
"SMARTseqFINAL_allLanes_AAGCGAACCTATGTGG",-5.27917504682057,-6.61774795196842
"SMARTseqFINAL_allLanes_AAGCGAACGAATCCAG",7.38568853960521,-4.51557223938298
"SMARTseqFINAL_allLanes_AAGCGAACGCATCGAA",-11.3163349665593,15.371465991513
"SMARTseqFINAL_allLanes_AAGCGAACGTTCTGGA",6.38165878878123,-3.71243589065861
"SMARTseqFINAL_allLanes_AAGCGAACGTTGACCA",3.26599001513011,-5.12416379593205
"SMARTseqFINAL_allLanes_AAGCGAACTATAGGCC",5.20590042696483,-6.66353957794499
"SMARTseqFINAL_allLanes_ACAGGAGAAACCTAGG",-4.81593442334645,4.68168384887386
"SMARTseqFINAL_allLanes_ACAGGAGAAAGAGAGG",7.89675402269847,-4.72428100250553
"SMARTseqFINAL_allLanes_ACAGGAGAACCTCACA",2.92495894060619,-6.40357749603581
"SMARTseqFINAL_allLanes_ACAGGAGAACGCAGAA",-5.2558901347112,-7.51442592285466
"SMARTseqFINAL_allLanes_ACAGGAGAACGTAACG",7.35909771547801,-3.90665834091496
"SMARTseqFINAL_allLanes_ACAGGAGAACTCGTAG",-3.71696257962697,4.54338414527584
"SMARTseqFINAL_allLanes_ACAGGAGAACTGGCAA",3.05398392305858,-6.84989802978825
"SMARTseqFINAL_allLanes_ACAGGAGAAGTCTCAG",6.1233355961848,-3.38405053757023
"SMARTseqFINAL_allLanes_ACAGGAGACACAGGAA",-3.68165469541066,4.56435699321438
"SMARTseqFINAL_allLanes_ACAGGAGACCAACCAA",6.15366768465526,-7.52935187958073
"SMARTseqFINAL_allLanes_ACAGGAGACCACTGAA",5.85327982531078,-3.2258078350861
"SMARTseqFINAL_allLanes_ACAGGAGACCGGTTAA",-5.94213080777638,-6.09002750061344
"SMARTseqFINAL_allLanes_ACAGGAGACGGCATTA",3.93757462130077,-4.90914027832341
"SMARTseqFINAL_allLanes_ACAGGAGAGCATCGAA",8.04900192842967,-4.5546914830048
"SMARTseqFINAL_allLanes_ACAGGAGAGGAGACAA",-4.5814836062383,4.53386337615658
"SMARTseqFINAL_allLanes_ACAGGAGAGTATGGCA",3.75548910723216,-7.81482379577946
"SMARTseqFINAL_allLanes_CAACCTCAAAGAGAGG",3.8515477143336,-4.68076293609928
"SMARTseqFINAL_allLanes_CAACCTCACTCCAGAA",6.31515812502391,-4.25162999771427
"SMARTseqFINAL_allLanes_CAACCTCAGAATCCAG",-0.55085361375325,5.05596454002071
"SMARTseqFINAL_allLanes_CAACCTCAGACACCAA",5.07269930468089,-7.07575576446842
"SMARTseqFINAL_allLanes_CAACCTCAGACCGTTA",-3.9172384776067,5.02737362243343
"SMARTseqFINAL_allLanes_CAACCTCATAGCTGGA",5.93063711748607,-6.12383048675846
"SMARTseqFINAL_allLanes_CAACCTCATCTCGGAA",-1.61772108449452,5.18121464111019
"SMARTseqFINAL_allLanes_CAATCTGCAAGAGAGG",4.31091498957164,-4.8093735470612
"SMARTseqFINAL_allLanes_CAATCTGCAATGCGGA",-5.37984013928883,4.23177356578518
"SMARTseqFINAL_allLanes_CAATCTGCACCTCTTG",-0.761874679465225,5.30148656226803
"SMARTseqFINAL_allLanes_CAATCTGCACGCAGAA",-3.84778094663136,2.95322121240307
"SMARTseqFINAL_allLanes_CAATCTGCACTCGTAG",6.27213501558788,-5.03351037643742
"SMARTseqFINAL_allLanes_CAATCTGCAGGATTGG",4.6428394280482,-5.21413200043034
"SMARTseqFINAL_allLanes_CAATCTGCATACACGG",5.79419254885204,-5.96504562042546
"SMARTseqFINAL_allLanes_CAATCTGCCACAGGAA",-0.958351258177688,3.27540279485393
"SMARTseqFINAL_allLanes_CAATCTGCCCGGTTAA",-4.02005172147267,3.54654068805385
"SMARTseqFINAL_allLanes_CAATCTGCCGGCATTA",-5.16515708341115,5.27139098502804
"SMARTseqFINAL_allLanes_CAATCTGCGTGAGGAA",4.99499344454295,-5.51780479095768
"SMARTseqFINAL_allLanes_CAATCTGCGTTGACCA",7.6402599774409,-4.55647914551091
"SMARTseqFINAL_allLanes_CAATCTGCTAGCTGGA",3.2668309174586,-4.90011518143009
"SMARTseqFINAL_allLanes_CAATCTGCTCCAACAG",-3.820448163886,3.55095965720821
"SMARTseqFINAL_allLanes_CAATCTGCTCCTTCTC",6.7679192982722,-6.49836795471501
"SMARTseqFINAL_allLanes_CAATCTGCTCGTGGTA",-11.1883575953435,15.0326007113617
"SMARTseqFINAL_allLanes_CAATCTGCTTAACGCC",2.47437691317088,-4.77608077667546
"SMARTseqFINAL_allLanes_CACCTAACAACCGCAA",-6.28031134976857,-6.3725945248444
"SMARTseqFINAL_allLanes_CACCTAACAACCTAGG",-10.8227226771306,14.6859124407928
"SMARTseqFINAL_allLanes_CACCTAACACCTCACA",-10.933503393073,15.5325854525726
"SMARTseqFINAL_allLanes_CACCTAACACGTAACG",-10.0558140315007,14.8472293124359
"SMARTseqFINAL_allLanes_CACCTAACAGCCTGAA",3.70215916262157,-3.83098666809391
"SMARTseqFINAL_allLanes_CACCTAACCCACTGAA",-5.16019893064015,3.75122434951473
"SMARTseqFINAL_allLanes_CACCTAACCCTGAGAA",4.43414520845897,-7.97408549927067
"SMARTseqFINAL_allLanes_CACCTAACCGCCTATA",-1.83884597196095,5.25007135726619
"SMARTseqFINAL_allLanes_CACCTAACCTAAGCAG",2.96415876970775,-4.44566362045597
"SMARTseqFINAL_allLanes_CACCTAACCTCCAGAA",3.2546250783015,-4.34863727234196
"SMARTseqFINAL_allLanes_CACCTAACGAATCCAG",6.06304955111034,-3.38698690079045
"SMARTseqFINAL_allLanes_CACCTAACGCTTGCTA",5.51937174425609,-3.43197648666691
"SMARTseqFINAL_allLanes_CACCTAACGGAGACAA",-2.43442869557851,4.85745794631649
"SMARTseqFINAL_allLanes_CACCTAACTACCACGA",-5.71208691968434,-6.28345267914128
"SMARTseqFINAL_allLanes_CACCTAACTGATCCGA",5.46469711885936,-6.71131484649967
"SMARTseqFINAL_allLanes_CCGAACATAACCTAGG",-7.28474164380544,-5.87614696167301
"SMARTseqFINAL_allLanes_CCGAACATAAGAGAGG",6.39409422503001,-7.42511336944889
"SMARTseqFINAL_allLanes_CCGAACATACAGTGGA",3.06691312418468,-6.39959304474186
"SMARTseqFINAL_allLanes_CCGAACATACTCGTAG",-0.440632823843887,3.97255284644771
"SMARTseqFINAL_allLanes_CCGAACATAGCCTGAA",-5.39652896298878,4.59115071155239
"SMARTseqFINAL_allLanes_CCGAACATATACACGG",-5.19563937558644,4.67457086898494
"SMARTseqFINAL_allLanes_CCGAACATCCAACCAA",-4.79788184537404,4.35570223189998
"SMARTseqFINAL_allLanes_CCGAACATCCAATTCG",-5.03538012876027,-7.82773845337223
"SMARTseqFINAL_allLanes_CCGAACATCCACTGAA",4.84312653170116,-8.45737426422428
"SMARTseqFINAL_allLanes_CCGAACATCGCCTATA",-4.95123172177785,-7.97600906036686
"SMARTseqFINAL_allLanes_CCGAACATCTAAGCAG",-8.96570992841237,13.5615618930023
"SMARTseqFINAL_allLanes_CCGAACATGAAGCATG",5.26917337999828,-8.31191032074284
"SMARTseqFINAL_allLanes_CCGAACATGCATCGAA",-0.885043028731277,4.12904126502681
"SMARTseqFINAL_allLanes_CCGAACATGCTTGCTA",-5.01668620481007,-6.80176608703923
"SMARTseqFINAL_allLanes_CCGAACATGTTCTGGA",3.02833437548167,-5.34196727417301
"SMARTseqFINAL_allLanes_CCGAACATGTTGACCA",7.94743561373241,-4.98306148193669
"SMARTseqFINAL_allLanes_CCGAACATTCAAGCGA",-4.05780148877614,3.83001870967556
"SMARTseqFINAL_allLanes_CCGAACATTGAAGAGG",5.55064987764842,-4.62634818695378
"SMARTseqFINAL_allLanes_CCGAACATTTCACCGA",5.42034315691478,-5.21347491882633
"SMARTseqFINAL_allLanes_CCGGAATAAACCGCAA",6.73564123735912,-5.00488011978459
"SMARTseqFINAL_allLanes_CCGGAATAACTCGTAG",-5.30582785977834,5.41717727042843
"SMARTseqFINAL_allLanes_CCGGAATAAGTCTCAG",-4.07145715131276,4.9453130469482
"SMARTseqFINAL_allLanes_CCGGAATACCAACCAA",-3.64077878369801,3.06253878332782
"SMARTseqFINAL_allLanes_CCGGAATACGCCTATA",-5.40961146726125,4.80233259059597
"SMARTseqFINAL_allLanes_CCGGAATAGAATCCAG",-6.18228698148244,-6.14332835815739
"SMARTseqFINAL_allLanes_CCGGAATAGAGGAGAA",-4.20958638562672,2.75843519277979
"SMARTseqFINAL_allLanes_CCGGAATAGTTACTCC",-4.33726382627003,4.77818186141659
"SMARTseqFINAL_allLanes_CCGGAATAGTTGACCA",-7.11960292233937,-5.73415725372624
"SMARTseqFINAL_allLanes_CCGGAATATACCACGA",3.80600499735362,-7.83568637512516
"SMARTseqFINAL_allLanes_CCGGAATATCAAGCGA",6.31811356173045,-6.24248378418278
"SMARTseqFINAL_allLanes_CCGGAATATCCAACAG",-0.397553686041763,4.23122126914669
"SMARTseqFINAL_allLanes_CCGGAATATCGTGGTA",-3.81858659162038,3.15937877751995
"SMARTseqFINAL_allLanes_CCGGAATATCTCGGAA",-10.5846369303655,14.6237519488494
"SMARTseqFINAL_allLanes_CCGGAATATGAAGAGG",-3.44031691922658,3.26059688188244
"SMARTseqFINAL_allLanes_CCGGAATATGATCCGA",-4.57749200238698,-7.54220931671452
"SMARTseqFINAL_allLanes_CCGGAATATTCACCGA",5.11659073458202,-6.02235477112126
"SMARTseqFINAL_allLanes_CGAGTTCTAACCGCAA",-8.85326218976491,13.4501298175018
"SMARTseqFINAL_allLanes_CGAGTTCTAACCTAGG",4.36360621080882,-8.20762031219792
"SMARTseqFINAL_allLanes_CGAGTTCTAAGAGAGG",-10.4798691309881,14.6095832095306
"SMARTseqFINAL_allLanes_CGAGTTCTAATGCGGA",2.97047686205394,-6.81178825043034
"SMARTseqFINAL_allLanes_CGAGTTCTACTCGTAG",-4.23445916547292,3.4805668697517
"SMARTseqFINAL_allLanes_CGAGTTCTAGCGTTCA",-8.37764859570973,12.9394953951995
"SMARTseqFINAL_allLanes_CGAGTTCTATACACGG",6.48469471560008,-5.30464236877751
"SMARTseqFINAL_allLanes_CGAGTTCTCACAGGAA",6.58096241579539,-5.89620463989567
"SMARTseqFINAL_allLanes_CGAGTTCTCGATGGAA",6.3460705243159,-6.75044410370182
"SMARTseqFINAL_allLanes_CGAGTTCTCTATGTGG",-0.446957949538162,4.18685908176113
"SMARTseqFINAL_allLanes_CGAGTTCTCTCCAGAA",5.12686323748119,-8.28635089538884
"SMARTseqFINAL_allLanes_CGAGTTCTGAATCCAG",-4.2865183390569,2.96061175622154
"SMARTseqFINAL_allLanes_CGAGTTCTGCGACTAA",-4.67612100018971,-7.20128505371403
"SMARTseqFINAL_allLanes_CGAGTTCTGTATGGCA",-7.4383852518987,-5.81482951782536
"SMARTseqFINAL_allLanes_CGAGTTCTTCAAGCGA",0.189028974633286,3.10996423222233
"SMARTseqFINAL_allLanes_CGAGTTCTTCCAACAG",-11.3618814982366,14.9782202944915
"SMARTseqFINAL_allLanes_CGAGTTCTTCGTGGTA",6.39711260424144,-4.66975467346501
"SMARTseqFINAL_allLanes_CGAGTTCTTGAAGAGG",-5.1058166064214,3.89860875465084
"SMARTseqFINAL_allLanes_CGAGTTCTTGATCCGA",6.01637053118236,-6.21779887817692
"SMARTseqFINAL_allLanes_CGCAAGAAAATGCGGA",-7.25307727231496,-5.85199706695866
"SMARTseqFINAL_allLanes_CGCAAGAAAGCCTGAA",2.58847319708354,-3.63198106430363
"SMARTseqFINAL_allLanes_CGCAAGAACCACTGAA",-2.88754797353261,5.3243642554443
"SMARTseqFINAL_allLanes_CGCAAGAACCTCCTAA",3.69041466341502,-6.7385031475861
"SMARTseqFINAL_allLanes_CGCAAGAACGATGGAA",-2.72601771726125,4.55726082183529
"SMARTseqFINAL_allLanes_CGCAAGAACGGAAGAA",5.40294670687206,-3.37515704773258
"SMARTseqFINAL_allLanes_CGCAAGAACTCCAGAA",-3.58385682477467,4.85401661254574
"SMARTseqFINAL_allLanes_CGCAAGAAGAATCCAG",4.50883316622264,-4.07430427215885
"SMARTseqFINAL_allLanes_CGCAAGAAGACACCAA",2.79122137651927,-4.84899490021061
"SMARTseqFINAL_allLanes_CGCAAGAAGAGGAGAA",-8.56236768140309,13.1370108828704
"SMARTseqFINAL_allLanes_CGCAAGAAGCGACTAA",6.66457008944041,-5.43221252106022
"SMARTseqFINAL_allLanes_CGCAAGAAGGAGACAA",-11.857819799323,15.8247073397796
"SMARTseqFINAL_allLanes_CGCAAGAAGTGAGGAA",-3.76595569028371,4.92659337379146
"SMARTseqFINAL_allLanes_CGCAAGAATACCACGA",-4.56701445950978,-6.96539466522526
"SMARTseqFINAL_allLanes_CGCAAGAATCCAACAG",5.44511103258617,-4.79378478668522
"SMARTseqFINAL_allLanes_CGCAAGAATCGTGGTA",5.07678722963817,-4.08118741653752
"SMARTseqFINAL_allLanes_CGCAAGAATTCACCGA",-0.150294724841049,3.70050920106579
"SMARTseqFINAL_allLanes_CGTATGTGAACCGCAA",-11.5744020976018,15.5680154071014
"SMARTseqFINAL_allLanes_CGTATGTGAATGCGGA",-11.5423300303411,14.8020013079803
"SMARTseqFINAL_allLanes_CGTATGTGACGCAGAA",-4.26379084958546,2.75052677400518
"SMARTseqFINAL_allLanes_CGTATGTGAGCGTTCA",-5.93898225202077,-6.11104838989567
"SMARTseqFINAL_allLanes_CGTATGTGAGTCTCAG",-3.9974181689214,2.80237311057854
"SMARTseqFINAL_allLanes_CGTATGTGCACAGGAA",-2.17818427457326,3.92996210910488
"SMARTseqFINAL_allLanes_CGTATGTGCAGTATCG",5.43077540026195,-8.39773147247624
"SMARTseqFINAL_allLanes_CGTATGTGCCAACCAA",3.95108508692271,-4.83274524353337
"SMARTseqFINAL_allLanes_CGTATGTGCCACTGAA",-0.915060523886612,3.47100688077617
"SMARTseqFINAL_allLanes_CGTATGTGCGGAAGAA",-4.42954373731129,3.41740412570644
"SMARTseqFINAL_allLanes_CGTATGTGGAATCCAG",7.26300692186839,-5.79365508697819
"SMARTseqFINAL_allLanes_CGTATGTGGACACCAA",3.77162098513133,-5.58703773163151
"SMARTseqFINAL_allLanes_CGTATGTGGCATCGAA",6.91675448046214,-5.60230415008854
"SMARTseqFINAL_allLanes_CGTATGTGTAGCTGGA",3.31928681955821,-4.71832482956242
"SMARTseqFINAL_allLanes_CGTATGTGTCAAGCGA",-4.83785891904347,4.71563751556087
"SMARTseqFINAL_allLanes_CGTATGTGTCCTTCTC",-11.0230362452459,15.9629595980804
"SMARTseqFINAL_allLanes_CGTATGTGTTCACCGA",4.96525024996288,-8.43209998749089
"SMARTseqFINAL_allLanes_CTCAACAGAACCGCAA",5.58735441790111,-6.52934520386051
"SMARTseqFINAL_allLanes_CTCAACAGAACCTAGG",-4.50194859876149,3.59164185382534
"SMARTseqFINAL_allLanes_CTCAACAGAATGCGGA",3.95721459017284,-8.02743022583317
"SMARTseqFINAL_allLanes_CTCAACAGAGTCTCAG",3.30686449633128,-4.29904906891178
"SMARTseqFINAL_allLanes_CTCAACAGCAGTATCG",-8.81586003674977,13.4074137911956
"SMARTseqFINAL_allLanes_CTCAACAGCCTCCTAA",-11.2763969935369,14.7164691195648
"SMARTseqFINAL_allLanes_CTCAACAGCGATGGAA",-3.1498634852361,4.64695603706051
"SMARTseqFINAL_allLanes_CTCAACAGCGGAAGAA",-5.36126828565114,-7.22635810516667
"SMARTseqFINAL_allLanes_CTCAACAGCTCCAGAA",6.35779404268748,-3.15716521881413
"SMARTseqFINAL_allLanes_CTCAACAGGCATCGAA",2.99016451464183,-3.34030072830509
"SMARTseqFINAL_allLanes_CTCAACAGGGAGACAA",7.61904930696971,-5.18186729095768
"SMARTseqFINAL_allLanes_CTCAACAGTACCACGA",4.95234846697337,-6.80429141662907
"SMARTseqFINAL_allLanes_CTCAACAGTAGCTGGA",-10.0215189494085,14.4603198275726
"SMARTseqFINAL_allLanes_CTCAACAGTCAAGCGA",-4.43545079602711,-7.13451736114811
"SMARTseqFINAL_allLanes_CTCAACAGTCCAACAG",-3.9712746180486,3.29069853879619
"SMARTseqFINAL_allLanes_CTCTGTACAACCGCAA",3.0520133935023,-6.16740481994938
"SMARTseqFINAL_allLanes_CTCTGTACAACCTAGG",-3.08574939145558,3.58604163982082
"SMARTseqFINAL_allLanes_CTCTGTACAATGCGGA",5.66086983309276,-6.11630027435612
"SMARTseqFINAL_allLanes_CTCTGTACACGCAGAA",6.44889998064525,-6.11845176361393
"SMARTseqFINAL_allLanes_CTCTGTACACTCGTAG",5.18945669756419,-8.41237323425602
"SMARTseqFINAL_allLanes_CTCTGTACACTGGCAA",7.14481472597606,-6.45743148468327
"SMARTseqFINAL_allLanes_CTCTGTACCGAATCTG",3.99047016726024,-7.30909602783512
"SMARTseqFINAL_allLanes_CTCTGTACCTAACCTC",-0.709047440428665,4.82149596072841
"SMARTseqFINAL_allLanes_CTCTGTACCTAAGCAG",-4.56413531674855,-7.34049480102848
"SMARTseqFINAL_allLanes_CTCTGTACGAGGAGAA",5.85061668978221,-5.92779224060368
"SMARTseqFINAL_allLanes_CTCTGTACGCATCGAA",7.3757131062556,-4.96051852844548
"SMARTseqFINAL_allLanes_CTCTGTACTAGCTGGA",7.89236044512279,-3.58036439560246
"SMARTseqFINAL_allLanes_CTCTGTACTCCTTCTC",4.77859282122142,-6.26994960449528
"SMARTseqFINAL_allLanes_CTCTGTACTCGTGGTA",-4.70142484082692,4.89412362434078
"SMARTseqFINAL_allLanes_CTCTGTACTGATCCGA",-4.23288846387379,4.66574342109371
"SMARTseqFINAL_allLanes_CTCTGTACTTCACCGA",6.72820257769115,-5.9206434979279
"SMARTseqFINAL_allLanes_GAACTAGCAATGCGGA",-11.4670984782171,15.0539973483245
"SMARTseqFINAL_allLanes_GAACTAGCACAGTGGA",-1.10941815747731,4.1608857617538
"SMARTseqFINAL_allLanes_GAACTAGCACGCAGAA",5.46436619387157,-4.23186986587834
"SMARTseqFINAL_allLanes_GAACTAGCAGCGTTCA",5.1396758519221,-4.9479176297028
"SMARTseqFINAL_allLanes_GAACTAGCAGGATTGG",3.53566217051036,-5.33403270386051
"SMARTseqFINAL_allLanes_GAACTAGCAGTCTCAG",6.36000132189281,-6.70835654877018
"SMARTseqFINAL_allLanes_GAACTAGCATACACGG",-5.10044503583424,-6.63537280700993
"SMARTseqFINAL_allLanes_GAACTAGCCAGTATCG",-0.283689979453018,3.4396778450172
"SMARTseqFINAL_allLanes_GAACTAGCCCACTGAA",2.95062756166942,-4.12685697220158
"SMARTseqFINAL_allLanes_GAACTAGCCCGGTTAA",5.56072878466136,-6.68739860199284
"SMARTseqFINAL_allLanes_GAACTAGCCGCCTATA",-11.5783970393132,15.6218379244964
"SMARTseqFINAL_allLanes_GAACTAGCCGGCATTA",-4.61781859769337,5.28541953422237
"SMARTseqFINAL_allLanes_GAACTAGCCTAACCTC",-2.09673595799916,4.70480580188442
"SMARTseqFINAL_allLanes_GAACTAGCCTATGTGG",3.8647472821284,-3.52945153854679
"SMARTseqFINAL_allLanes_GAACTAGCGAATCCAG",-5.17013764752858,-6.80298011444401
"SMARTseqFINAL_allLanes_GAACTAGCGCATCGAA",-5.36494422330373,4.75779516555477
"SMARTseqFINAL_allLanes_GAACTAGCGTATGGCA",6.92983650789745,-6.1348072781403
"SMARTseqFINAL_allLanes_GAACTAGCGTCCATTG",-4.70030331983083,4.59049076892544
"SMARTseqFINAL_allLanes_GAACTAGCGTTCTGGA",-11.803979162116,15.7918647036712
"SMARTseqFINAL_allLanes_GAACTAGCTCGTGGTA",7.32876181231029,-5.16105001114201
"SMARTseqFINAL_allLanes_GACAACACAACCTAGG",-1.51652908696645,3.67268217660595
"SMARTseqFINAL_allLanes_GACAACACAAGAGAGG",2.56279909239299,-4.52974479339909
"SMARTseqFINAL_allLanes_GACAACACACCTCACA",-0.66219759358876,2.81779034741331
"SMARTseqFINAL_allLanes_GACAACACACGCAGAA",2.8708679638911,-5.03256671570133
"SMARTseqFINAL_allLanes_GACAACACAGGATTGG",-0.574518207449844,3.25775835968662
"SMARTseqFINAL_allLanes_GACAACACATACACGG",2.96210836992748,-5.22210948608708
"SMARTseqFINAL_allLanes_GACAACACCCACTGAA",5.9335858784724,-6.64694087646794
"SMARTseqFINAL_allLanes_GACAACACCTAAGCAG",4.43986463175304,-6.10537307403874
"SMARTseqFINAL_allLanes_GACAACACCTATGTGG",-5.12997460736745,-7.80022304199528
"SMARTseqFINAL_allLanes_GACAACACGAATCCAG",6.47939610109813,-6.48744361542057
"SMARTseqFINAL_allLanes_GACAACACGCATCGAA",-8.7742531336736,13.3732751116912
"SMARTseqFINAL_allLanes_GACAACACGTGAGGAA",4.71518730745799,-4.00169103287052
"SMARTseqFINAL_allLanes_GACAACACTATAGGCC",-3.68264174832814,4.45439166881252
"SMARTseqFINAL_allLanes_GACAACACTCCAACAG",5.96274685488231,-6.56699817322087
"SMARTseqFINAL_allLanes_GACAACACTCGTGGTA",-10.9647152461004,14.837566684262
"SMARTseqFINAL_allLanes_GACAACACTGAAGAGG",3.11952828989513,-6.61852138183903
"SMARTseqFINAL_allLanes_GACTGTGTAACCGCAA",-11.055407766242,14.6839001879852
"SMARTseqFINAL_allLanes_GACTGTGTAATGCGGA",-4.07043004407399,4.05189723827053
"SMARTseqFINAL_allLanes_GACTGTGTACGTAACG",6.84075379000194,-3.1897446408112
"SMARTseqFINAL_allLanes_GACTGTGTAGTCTCAG",2.598870154481,-4.27204148910832
"SMARTseqFINAL_allLanes_GACTGTGTCACAGGAA",7.55686640367992,-3.6552716984589
"SMARTseqFINAL_allLanes_GACTGTGTCCAACCAA",5.16093039141185,-6.76375835083317
"SMARTseqFINAL_allLanes_GACTGTGTCCACTGAA",-2.07050156964772,4.99720151282955
"SMARTseqFINAL_allLanes_GACTGTGTCCGGTTAA",5.80528807268626,-3.96928947113346
"SMARTseqFINAL_allLanes_GACTGTGTCCTGAGAA",7.96839117632396,-4.43689696930241
"SMARTseqFINAL_allLanes_GACTGTGTCGATGGAA",-3.84243560208791,5.3009083972137
"SMARTseqFINAL_allLanes_GACTGTGTCGCCTATA",-10.4419605769109,14.9213584170501
"SMARTseqFINAL_allLanes_GACTGTGTCTCCAGAA",-2.61795473470204,5.19688923217464
"SMARTseqFINAL_allLanes_GACTGTGTGGAGACAA",7.43201803789623,-3.56739680908512
"SMARTseqFINAL_allLanes_GACTGTGTTCAAGCGA",-5.08326030148976,4.73858864165951
"SMARTseqFINAL_allLanes_GACTGTGTTCCAACAG",6.95723127947337,-5.68049495361637
"SMARTseqFINAL_allLanes_GACTGTGTTGAAGAGG",-5.02877736463063,-7.90412967346501
"SMARTseqFINAL_allLanes_GCACACTAAACAACCG",7.90297388659007,-5.40456264160466
"SMARTseqFINAL_allLanes_GCACACTAACCTCACA",6.57102465258128,-6.78166167877507
"SMARTseqFINAL_allLanes_GCACACTAACGCAGAA",3.02461051569469,-3.84180419586491
"SMARTseqFINAL_allLanes_GCACACTAACTCGTAG",-0.855436805624893,5.00093872405697
"SMARTseqFINAL_allLanes_GCACACTACCAATTCG",-0.729489807028701,4.57822866298366
"SMARTseqFINAL_allLanes_GCACACTACCGGTTAA",-4.98425794019215,-7.92022960327458
"SMARTseqFINAL_allLanes_GCACACTACCTCCTAA",-8.34532571210377,12.9099028811615
"SMARTseqFINAL_allLanes_GCACACTACGATGGAA",5.64459824190623,-5.10399501465153
"SMARTseqFINAL_allLanes_GCACACTACGCCTATA",-4.62460780515187,3.18431449987102
"SMARTseqFINAL_allLanes_GCACACTACGGCATTA",7.7776644192744,-4.71128766678166
"SMARTseqFINAL_allLanes_GCACACTACTAAGCAG",6.58308720217235,-6.72935073517155
"SMARTseqFINAL_allLanes_GCACACTAGACCGTTA",-0.714030269522598,3.8107750520866
"SMARTseqFINAL_allLanes_GCACACTAGCATCGAA",4.2785303555537,-3.46219890259098
"SMARTseqFINAL_allLanes_GCACACTAGCTTGCTA",-4.78056645764821,3.83989198066402
"SMARTseqFINAL_allLanes_GCACACTATCCTTCTC",7.21432518587596,-6.26285236023258
"SMARTseqFINAL_allLanes_GCACACTATCTCGGAA",-0.769495967764785,4.07029719211269
"SMARTseqFINAL_allLanes_GCATAACCACGCAGAA",-2.00404549016469,4.07600970126796
"SMARTseqFINAL_allLanes_GCATAACCCAATGAGC",5.41721319780833,-5.60526435516667
"SMARTseqFINAL_allLanes_GCATAACCCAGTATCG",-11.1321527995061,16.1057360873382
"SMARTseqFINAL_allLanes_GCATAACCCCACTGAA",-1.83079934491627,4.77947563983608
"SMARTseqFINAL_allLanes_GCATAACCCCTGAGAA",-4.33719039334767,5.22914297439266
"SMARTseqFINAL_allLanes_GCATAACCCGATGGAA",-4.93776631726735,-6.81849925659489
"SMARTseqFINAL_allLanes_GCATAACCCGGAAGAA",5.28972553835399,-5.22770469330143
"SMARTseqFINAL_allLanes_GCATAACCCGGCATTA",6.35225224123485,-5.77068584106755
"SMARTseqFINAL_allLanes_GCATAACCGACCGTTA",7.58616613970287,-4.92221658371281
"SMARTseqFINAL_allLanes_GCATAACCGCATCGAA",-3.02302527799123,4.18533439494777
"SMARTseqFINAL_allLanes_GCATAACCGCTTGCTA",3.21336722002513,-3.91944615982365
"SMARTseqFINAL_allLanes_GCATAACCGTCCATTG",-5.099256757636,-6.9692684902985
"SMARTseqFINAL_allLanes_GCATAACCTGAAGAGG",-10.7160275019597,15.8336394534271
"SMARTseqFINAL_allLanes_GCATGTCTACAGTGGA",-1.24503004922383,3.7155510292213
"SMARTseqFINAL_allLanes_GCATGTCTACTGGCAA",6.83882212267406,-2.54279678009342
"SMARTseqFINAL_allLanes_GCATGTCTAGCGTTCA",6.95634483919627,-2.89147298477482
"SMARTseqFINAL_allLanes_GCATGTCTAGTCTCAG",4.25979375467784,-7.42946117065739
"SMARTseqFINAL_allLanes_GCATGTCTCCACTGAA",3.40380763636119,-3.67090766571354
"SMARTseqFINAL_allLanes_GCATGTCTGACACCAA",3.83068370447643,-7.8625380291779
"SMARTseqFINAL_allLanes_GCATGTCTGCATCGAA",-4.00151467694752,5.0654028163116
"SMARTseqFINAL_allLanes_GCATGTCTTAGCTGGA",-3.63309359921925,3.57505489446331
"SMARTseqFINAL_allLanes_GCATGTCTTCAAGCGA",6.83557486162669,-6.55304496429753
"SMARTseqFINAL_allLanes_GCATGTCTTGATCCGA",-4.6716353930425,3.09687177397419
"SMARTseqFINAL_allLanes_GCATGTCTTTCACCGA",5.50246452913768,-4.36522882126164
"SMARTseqFINAL_allLanes_GGAGAGTTAATGCGGA",4.88545488939769,-8.26940887115788
"SMARTseqFINAL_allLanes_GGAGAGTTACTCGTAG",-4.0893485583257,4.6517236933868
"SMARTseqFINAL_allLanes_GGAGAGTTACTGGCAA",-10.8221743143987,15.6441481814544
"SMARTseqFINAL_allLanes_GGAGAGTTAGCGTTCA",-11.0322935618352,15.9123604998748
"SMARTseqFINAL_allLanes_GGAGAGTTATACACGG",5.65879273043163,-6.78722350738835
"SMARTseqFINAL_allLanes_GGAGAGTTCACAGGAA",5.29718899355418,-3.06506507538151
"SMARTseqFINAL_allLanes_GGAGAGTTCCAACCAA",-0.404664162535598,4.21689636565853
"SMARTseqFINAL_allLanes_GGAGAGTTCCACTGAA",6.99578070269115,-4.27808873794865
"SMARTseqFINAL_allLanes_GGAGAGTTCCTCCTAA",3.99469279871471,-7.89076202057194
"SMARTseqFINAL_allLanes_GGAGAGTTCGGCATTA",3.03476166353709,-4.47283380173039
"SMARTseqFINAL_allLanes_GGAGAGTTCTCCAGAA",-3.32058692349904,5.32815344192196
"SMARTseqFINAL_allLanes_GGAGAGTTGAATCCAG",7.69675564394481,-3.05002181671452
"SMARTseqFINAL_allLanes_GGAGAGTTGACACCAA",3.32017969713695,-5.82909457825016
"SMARTseqFINAL_allLanes_GGAGAGTTGGAGACAA",6.65467714891917,-4.65830581329655
"SMARTseqFINAL_allLanes_GGAGAGTTGTGAGGAA",3.12903475389964,-3.45005195282292
"SMARTseqFINAL_allLanes_GGTCTCAAAACCGCAA",-1.09935498609059,2.99345142699886
"SMARTseqFINAL_allLanes_GGTCTCAAACCTCACA",4.73901533709056,-8.25242297790837
"SMARTseqFINAL_allLanes_GGTCTCAAACGTAACG",-5.9517753161382,-6.1733872189362
"SMARTseqFINAL_allLanes_GGTCTCAAAGTCTCAG",7.30236076937206,-3.04496781967472
"SMARTseqFINAL_allLanes_GGTCTCAACCGGTTAA",4.93308567629344,-8.49059074066471
"SMARTseqFINAL_allLanes_GGTCTCAACGCCTATA",-10.7093794383001,14.8578379855316
"SMARTseqFINAL_allLanes_GGTCTCAACTAAGCAG",-3.614468816657,5.15460879661251
"SMARTseqFINAL_allLanes_GGTCTCAAGCATCGAA",7.85502886400706,-4.42418830536198
"SMARTseqFINAL_allLanes_GGTCTCAAGTTCTGGA",-11.8482773341131,15.8118632540863
"SMARTseqFINAL_allLanes_GGTCTCAATCAAGCGA",-11.1152613200139,14.7159627185028
"SMARTseqFINAL_allLanes_GGTCTCAATCCAACAG",-7.34718108548634,-5.93186919830632
"SMARTseqFINAL_allLanes_GGTCTCAATGAAGAGG",-5.06272769345753,-7.78672568939518
"SMARTseqFINAL_allLanes_TACCGATGACGTAACG",-2.92562818898671,3.67437786914516
"SMARTseqFINAL_allLanes_TACCGATGACTCGTAG",7.03635477648265,-4.84034841202091
"SMARTseqFINAL_allLanes_TACCGATGACTGGCAA",6.28359055147655,-2.82371776245426
"SMARTseqFINAL_allLanes_TACCGATGAGCCTGAA",6.20488667116649,-2.86987321518254
"SMARTseqFINAL_allLanes_TACCGATGAGTCTCAG",-4.33449006452077,3.63161666251827
"SMARTseqFINAL_allLanes_TACCGATGCACAGGAA",-3.080213788886,5.25800235130001
"SMARTseqFINAL_allLanes_TACCGATGCCACTGAA",5.32095503435619,-3.18791215561222
"SMARTseqFINAL_allLanes_TACCGATGCGGAAGAA",-4.04571223630421,3.174785803334
"SMARTseqFINAL_allLanes_TACCGATGCTCCAGAA",-3.82254910840504,4.57457060672451
"SMARTseqFINAL_allLanes_TACCGATGGACACCAA",5.04088854418285,-8.42607753418278
"SMARTseqFINAL_allLanes_TACCGATGGCGACTAA",5.99519657717235,-4.01788251541447
"SMARTseqFINAL_allLanes_TACCGATGGGAGACAA",6.78168320284373,-3.71284740112614
"SMARTseqFINAL_allLanes_TACCGATGGTATGGCA",-0.529133561987808,2.803308948205
"SMARTseqFINAL_allLanes_TACCGATGGTGAGGAA",7.2166669331599,-2.85376470230412
"SMARTseqFINAL_allLanes_TACCGATGTACCACGA",-4.61429047955983,3.02757335759807
"SMARTseqFINAL_allLanes_TACCGATGTAGCTGGA",6.03807615862376,-6.93087642334294
"SMARTseqFINAL_allLanes_TACCGATGTCCAACAG",6.22472834215648,-4.13551395080876
"SMARTseqFINAL_allLanes_TACCGTCTAAGAGAGG",5.07389425859935,-5.80647914551091
"SMARTseqFINAL_allLanes_TACCGTCTACAGTGGA",-5.09230256452077,4.41140062667537
"SMARTseqFINAL_allLanes_TACCGTCTAGCCTGAA",7.58664250002391,-3.12112729690861
"SMARTseqFINAL_allLanes_TACCGTCTAGCGTTCA",-10.8591692484807,15.9206250415008
"SMARTseqFINAL_allLanes_TACCGTCTCACAGGAA",-1.32378840817921,5.0492735610168
"SMARTseqFINAL_allLanes_TACCGTCTCCAATTCG",6.61296438799388,-2.55441157959294
"SMARTseqFINAL_allLanes_TACCGTCTCCACTGAA",-0.732800129790237,5.43895609237362
"SMARTseqFINAL_allLanes_TACCGTCTCGGAAGAA",-8.31611943616383,12.8769782290618
"SMARTseqFINAL_allLanes_TACCGTCTCGGCATTA",-3.58687329663747,4.9250870452087
"SMARTseqFINAL_allLanes_TACCGTCTCTCCAGAA",2.65559529886729,-3.71174066208195
"SMARTseqFINAL_allLanes_TACCGTCTGACCGTTA",-11.1633980311345,15.5410731539886
"SMARTseqFINAL_allLanes_TACCGTCTGCTTGCTA",5.87384962664134,-3.87537162445378
"SMARTseqFINAL_allLanes_TACCGTCTGGAGACAA",5.63890719042308,-2.91691272400212
"SMARTseqFINAL_allLanes_TACCGTCTGTGAGGAA",-2.9339792765569,4.9730983481567
"SMARTseqFINAL_allLanes_TACCGTCTGTTGACCA",-3.09618878736012,4.74589378692318
"SMARTseqFINAL_allLanes_TACCGTCTTCTCGGAA",4.56729411707408,-4.2700554623444
"SMARTseqFINAL_allLanes_TACCGTCTTGAAGAGG",-11.2984087504339,15.7981494174163
"SMARTseqFINAL_allLanes_TACTCTCGAACAACCG",7.82935165987498,-5.4460341229279
"SMARTseqFINAL_allLanes_TACTCTCGACAGTGGA",-1.1546732224416,4.00865859843899
"SMARTseqFINAL_allLanes_TACTCTCGACCTCACA",4.21208834276683,-6.32485072754216
"SMARTseqFINAL_allLanes_TACTCTCGATACACGG",-3.37689662351125,4.72935862399746
"SMARTseqFINAL_allLanes_TACTCTCGCAGTATCG",6.03496193514354,-5.96993034027409
"SMARTseqFINAL_allLanes_TACTCTCGCCACTGAA",-11.3000299967717,15.402098010556
"SMARTseqFINAL_allLanes_TACTCTCGCCTCCTAA",2.86757182703502,-6.43579356811833
"SMARTseqFINAL_allLanes_TACTCTCGCCTGAGAA",5.34723829851634,-6.8997113003571
"SMARTseqFINAL_allLanes_TACTCTCGCGATGGAA",-0.996533755202224,3.84415240146328
"SMARTseqFINAL_allLanes_TACTCTCGTTCACCGA",0.140026684861252,3.62948323346782
"SMARTseqFINAL_allLanes_TCAGCACAAACCTAGG",-7.44333100690358,-5.85579555176091
"SMARTseqFINAL_allLanes_TCAGCACACAGTATCG",5.56576227770335,-6.08114116333317
"SMARTseqFINAL_allLanes_TCAGCACAGAAGCATG",-10.2783453501653,14.9060157046478
"SMARTseqFINAL_allLanes_TCAGCACAGAATCCAG",-4.77457642926686,4.69574756480861
"SMARTseqFINAL_allLanes_TCAGCACAGTGAGGAA",-8.4098207987737,12.9743645892303
"SMARTseqFINAL_allLanes_TCAGCACATACCACGA",-11.6698629893255,15.3907788500946
"SMARTseqFINAL_allLanes_TCCAAGTCAACCGCAA",5.81894945726878,-4.73634164474797
"SMARTseqFINAL_allLanes_TCCAAGTCAAGAGAGG",7.44744944200999,-4.33499400757145
"SMARTseqFINAL_allLanes_TCCAAGTCACAGTGGA",6.94268917665965,-6.44690482757878
"SMARTseqFINAL_allLanes_TCCAAGTCAGCCTGAA",6.89082169161327,-3.08420913360905
"SMARTseqFINAL_allLanes_TCCAAGTCCGCCTATA",5.6748549901057,-3.24745052002262
"SMARTseqFINAL_allLanes_TCCAAGTCGCTTGCTA",-10.6091759242009,15.326772998349
"SMARTseqFINAL_allLanes_TCCAAGTCGTGAGGAA",-0.681281808752945,5.41425497390438
"SMARTseqFINAL_allLanes_TCCAAGTCTACCACGA",-4.48020577802174,-7.17026488922428
"SMARTseqFINAL_allLanes_TCCAAGTCTCGTGGTA",5.61551022158153,-2.86711661957096
"SMARTseqFINAL_allLanes_TCCAAGTCTCTCGGAA",-3.35185170545094,5.09036071159054
"SMARTseqFINAL_allLanes_TCCGTAAGAAGAGAGG",5.22780346498973,-4.81495444916081
"SMARTseqFINAL_allLanes_TCCGTAAGAATGCGGA",-2.80715060605519,3.95773107864071
"SMARTseqFINAL_allLanes_TCCGTAAGACAGTGGA",-11.4093945063543,14.957988093869
"SMARTseqFINAL_allLanes_TCCGTAAGACGTAACG",-1.18504810704701,4.86746604301143
"SMARTseqFINAL_allLanes_TCCGTAAGACTGGCAA",4.16698789225108,-5.65082709930729
"SMARTseqFINAL_allLanes_TCCGTAAGAGCCTGAA",-8.40969682111256,12.9726613269012
"SMARTseqFINAL_allLanes_TCCGTAAGCCAACCAA",-11.2452929057073,15.3055623278778
"SMARTseqFINAL_allLanes_TCCGTAAGCCGGTTAA",2.91958522425182,-6.48363368652653
"SMARTseqFINAL_allLanes_TCCGTAAGCCTGAGAA",5.89667009935863,-3.29319684646916
"SMARTseqFINAL_allLanes_TCCGTAAGCGGAAGAA",-8.54607320203297,13.1117442355316
"SMARTseqFINAL_allLanes_TCCGTAAGCGGCATTA",7.85968899355418,-3.32338493011784
"SMARTseqFINAL_allLanes_TCCGTAAGCTAAGCAG",6.2448422871638,-3.41667192123722
"SMARTseqFINAL_allLanes_TCCGTAAGCTCCAGAA",-2.78988528623097,5.18967349387813
"SMARTseqFINAL_allLanes_TCCGTAAGGAATCCAG",5.69515251741893,-2.65862958572697
"SMARTseqFINAL_allLanes_TCCGTAAGTACCACGA",-4.64391065015309,3.67157209970165
"SMARTseqFINAL_allLanes_TCCGTAAGTCAAGCGA",-0.765094641585281,4.12463874675441
"SMARTseqFINAL_allLanes_TCCGTAAGTGATCCGA",5.19132542238719,-7.01010100982975
"SMARTseqFINAL_allLanes_TCCTTGCTAGCCTGAA",4.04320001230724,-3.77542369507145
"SMARTseqFINAL_allLanes_TCCTTGCTCACAGGAA",-3.45876956357472,5.17349750854183
"SMARTseqFINAL_allLanes_TCCTTGCTCCTCCTAA",-0.891828898329666,3.79505063153911
"SMARTseqFINAL_allLanes_TCCTTGCTCGATGGAA",6.10527681932933,-2.70209043167424
"SMARTseqFINAL_allLanes_TCCTTGCTCTAAGCAG",6.50566887484081,-2.85408513687443
"SMARTseqFINAL_allLanes_TCCTTGCTGACCGTTA",-0.82918453588002,5.64034898139644
"SMARTseqFINAL_allLanes_TCGGACTTAACCTAGG",2.8037178479243,-3.99999015472721
"SMARTseqFINAL_allLanes_TCGGACTTACGCAGAA",5.63911699877269,-6.2331492199738
"SMARTseqFINAL_allLanes_TCGGACTTCACAGGAA",-7.30377316846364,-5.95973937652897
"SMARTseqFINAL_allLanes_TCGGACTTCCAACCAA",3.15664672480113,-4.86451261185002
"SMARTseqFINAL_allLanes_TCGGACTTCGATGGAA",4.43208407984264,-4.71870868347477
"SMARTseqFINAL_allLanes_TCGGACTTGACCGTTA",6.76351618395335,-5.73798244140934
"SMARTseqFINAL_allLanes_TCGGACTTGTGAGGAA",-6.2005603350591,-6.09471671722721
"SMARTseqFINAL_allLanes_TCGGACTTGTTGACCA",-0.961934331793716,3.51638902284313
"SMARTseqFINAL_allLanes_TCGGACTTTCCAACAG",5.39826941118724,-4.00689952514958
"SMARTseqFINAL_allLanes_TCGTAGACACCTCACA",5.13338350878246,-6.69331424377751
"SMARTseqFINAL_allLanes_TCGTAGACACGTAACG",-10.2993691004705,15.2146590457122
"SMARTseqFINAL_allLanes_TCGTAGACACTCGTAG",-10.4288742579412,15.7750209078949
"SMARTseqFINAL_allLanes_TCGTAGACCCACTGAA",6.72468161211498,-2.90113179825138
"SMARTseqFINAL_allLanes_TCGTAGACCCTCCTAA",-4.68955397977345,-7.010406185611
"SMARTseqFINAL_allLanes_TCGTAGACCGATGGAA",7.2650330029536,-4.97808187149357
"SMARTseqFINAL_allLanes_TCGTAGACCTCCAGAA",-4.15272260083669,4.68920035220791
"SMARTseqFINAL_allLanes_TCGTAGACGACACCAA",7.82018875704295,-4.94464318893742
"SMARTseqFINAL_allLanes_TCGTAGACGGAGACAA",-10.8420422114324,16.1349786029022
"SMARTseqFINAL_allLanes_TCGTAGACGTGAGGAA",-0.758808020491531,4.98535926200557
"SMARTseqFINAL_allLanes_TCGTAGACTACCACGA",3.48404693232066,-6.40586822174382
"SMARTseqFINAL_allLanes_TCGTAGACTCCAACAG",-10.6326868571233,15.684586833493
"SMARTseqFINAL_allLanes_TCGTAGACTTCACCGA",0.102103527646134,3.55891729451824
"SMARTseqFINAL_allLanes_TCGTCTAGAAGAGAGG",4.17915916071422,-8.08187739990544
"SMARTseqFINAL_allLanes_TCGTCTAGACAGTGGA",-0.756976727385452,4.36362929202724
"SMARTseqFINAL_allLanes_TCGTCTAGACTGGCAA",6.31208347902782,-4.82421653412174
"SMARTseqFINAL_allLanes_TCGTCTAGAGTCTCAG",-5.00570750607961,5.55851704932857
"SMARTseqFINAL_allLanes_TCGTCTAGCGATGGAA",-4.26615929975026,5.45239670135189
"SMARTseqFINAL_allLanes_TCGTCTAGCTAAGCAG",5.85019039736278,-6.79662196777653
"SMARTseqFINAL_allLanes_TCGTCTAGGTCCATTG",-3.68280911817067,2.89954405583549
"SMARTseqFINAL_allLanes_TCGTCTAGGTGAGGAA",5.94009279833324,-6.34631221435856
"SMARTseqFINAL_allLanes_TCGTCTAGTCAAGCGA",3.31829976664073,-6.68275230072331
"SMARTseqFINAL_allLanes_TCGTCTAGTCCTTCTC",2.87219094858653,-4.08032243393254
"SMARTseqFINAL_allLanes_TCGTCTAGTCGTGGTA",6.42897772417552,-6.9534222378571
"SMARTseqFINAL_allLanes_TCGTCTAGTCTCGGAA",-0.373648170370987,3.47846854783703
"SMARTseqFINAL_allLanes_TCGTCTAGTGATCCGA",3.73897933588512,-6.83840053222966
"SMARTseqFINAL_allLanes_TCGTCTAGTTGGATGG",-0.975927714247634,3.88001043655086
"SMARTseqFINAL_allLanes_TGACCAAGAATGCGGA",-5.22317004575246,5.48659617759395
"SMARTseqFINAL_allLanes_TGACCAAGACGTAACG",6.91661953554637,-4.58553950928044
"SMARTseqFINAL_allLanes_TGACCAAGACTGGCAA",7.76075625048167,-3.74963824890446
"SMARTseqFINAL_allLanes_TGACCAAGAGCCTGAA",-2.77424812688344,4.09857089378048
"SMARTseqFINAL_allLanes_TGACCAAGAGTCTCAG",-3.35987925900929,4.43660874225307
"SMARTseqFINAL_allLanes_TGACCAAGCACAGGAA",-0.823819641013076,5.35332901336361
"SMARTseqFINAL_allLanes_TGACCAAGCCTCCTAA",-4.50718140973561,-7.08672397278141
"SMARTseqFINAL_allLanes_TGACCAAGCTAAGCAG",2.83416413889415,-3.77412860534977
"SMARTseqFINAL_allLanes_TGACCAAGGACACCAA",-4.70803332700246,4.19142682410885
"SMARTseqFINAL_allLanes_TGACCAAGGCTTGCTA",5.23601126299388,-5.08599774978947
"SMARTseqFINAL_allLanes_TGACCAAGTACCACGA",-2.82556105031483,3.86163170196224
"SMARTseqFINAL_allLanes_TGATTGCCAACCTAGG",5.86210035906322,-6.83290546081852
"SMARTseqFINAL_allLanes_TGATTGCCAGCGTTCA",-5.05946040524953,4.33776576377559
"SMARTseqFINAL_allLanes_TGATTGCCAGGATTGG",-1.11652887238972,3.76628763534237
"SMARTseqFINAL_allLanes_TGATTGCCCAATGAGC",6.74084066973216,-4.19257133148503
"SMARTseqFINAL_allLanes_TGATTGCCCACAGGAA",4.02880310640819,-6.08218066833805
"SMARTseqFINAL_allLanes_TGATTGCCCCTCCTAA",-7.46297097577565,-5.83934180877995
"SMARTseqFINAL_allLanes_TGATTGCCCCTGAGAA",-4.95834565534108,4.5663713917892
"SMARTseqFINAL_allLanes_TGATTGCCCTATGTGG",5.88888716326244,-4.88501613281559
"SMARTseqFINAL_allLanes_TGATTGCCGACACCAA",-4.55057597531789,2.69963095642734
"SMARTseqFINAL_allLanes_TGATTGCCGCTTGCTA",6.74025463686473,-6.71218364380192
"SMARTseqFINAL_allLanes_TGATTGCCGTCCATTG",7.86891245470531,-4.20219295166325
"SMARTseqFINAL_allLanes_TGATTGCCTCAAGCGA",4.85661530123241,-6.9775807156403
"SMARTseqFINAL_allLanes_TGATTGCCTTAACGCC",7.45499539003856,-4.1688648953278
"SMARTseqFINAL_allLanes_TGATTGCCTTCACCGA",3.45308637247569,-7.00397365234684
"SMARTseqFINAL_allLanes_TGCACCATAACCGCAA",-2.64109635724538,5.28142340041805
"SMARTseqFINAL_allLanes_TGCACCATAGGATTGG",5.61822628603465,-4.33255927704167
"SMARTseqFINAL_allLanes_TGCACCATCACAGGAA",6.08412718401439,-3.22860114715885
"SMARTseqFINAL_allLanes_TGCACCATCCACTGAA",3.95466827974803,-5.89375369690251
"SMARTseqFINAL_allLanes_TGCACCATCCTCCTAA",-7.2352054156255,-5.82946555755924
"SMARTseqFINAL_allLanes_TGCACCATCTCCAGAA",3.70640205965526,-7.18095271728825
"SMARTseqFINAL_allLanes_TGCACCATGAGGAGAA",6.01346516237743,-4.34086339615177
"SMARTseqFINAL_allLanes_TGCACCATGTTGACCA",-1.24851429833882,4.63619716025997
"SMARTseqFINAL_allLanes_TGCACCATTCTCGGAA",-4.7993209399175,3.23649583317447
"SMARTseqFINAL_allLanes_TGTACTGGAAGAGAGG",5.80907225237376,-5.12909095428776
"SMARTseqFINAL_allLanes_TGTACTGGACAGTGGA",-0.516054633994033,4.71040160514522
"SMARTseqFINAL_allLanes_TGTACTGGCCAACCAA",5.14729475603587,-5.43307082794499
"SMARTseqFINAL_allLanes_TGTACTGGCGCCTATA",7.74578070269115,-4.79574124954533
"SMARTseqFINAL_allLanes_TGTACTGGCGGAAGAA",-10.739752057929,15.9435275302093
"SMARTseqFINAL_allLanes_TGTACTGGCTAAGCAG",7.24970984087474,-4.12110250137638
"SMARTseqFINAL_allLanes_TGTACTGGCTCCAGAA",-5.76056170835011,-6.24630229614567
"SMARTseqFINAL_allLanes_TGTACTGGGAAGCATG",3.48079323397166,-5.0414234890778
"SMARTseqFINAL_allLanes_TGTACTGGGAATCCAG",-3.17068028821461,4.03207321025539
"SMARTseqFINAL_allLanes_TGTACTGGGACACCAA",-0.0898929275464321,4.23643679477382
"SMARTseqFINAL_allLanes_TGTACTGGGCGACTAA",5.35844921694286,-5.11834209106755
"SMARTseqFINAL_allLanes_TGTACTGGTACCACGA",-0.698410157103469,3.44136966325451
"SMARTseqFINAL_allLanes_TGTACTGGTCCTTCTC",4.76611065493114,-8.219146419986
"SMARTseqFINAL_allLanes_TGTACTGGTGAAGAGG",-11.5312387980413,14.9450295672576
"SMARTseqFINAL_allLanes_TGTACTGGTTCACCGA",-11.4220926798772,15.0783007846038
"SMARTseqFINAL_allLanes_TGTGCCTTACAGTGGA",-4.57514357938283,4.73624164916683
"SMARTseqFINAL_allLanes_TGTGCCTTACGCAGAA",4.18918728456981,-4.00511520050358
"SMARTseqFINAL_allLanes_TGTGCCTTACGTAACG",-2.78249216451161,4.97918326713253
"SMARTseqFINAL_allLanes_TGTGCCTTACTGGCAA",6.3984820805598,-3.85965554855656
"SMARTseqFINAL_allLanes_TGTGCCTTAGCGTTCA",3.15002417192943,-3.85716979645085
"SMARTseqFINAL_allLanes_TGTGCCTTCAATGAGC",-10.5555365122747,15.9976046786468
"SMARTseqFINAL_allLanes_TGTGCCTTCACAGGAA",-4.69831586255544,5.64467747070003
"SMARTseqFINAL_allLanes_TGTGCCTTCCGGTTAA",-4.84651446713918,-7.79412238739323
"SMARTseqFINAL_allLanes_TGTGCCTTCGGAAGAA",7.12748360262401,-2.83567445419621
"SMARTseqFINAL_allLanes_TGTGCCTTCGGCATTA",7.7866017781306,-3.52880447052311
"SMARTseqFINAL_allLanes_TGTGCCTTCTAAGCAG",4.2541995011378,-4.19432895325016
"SMARTseqFINAL_allLanes_TGTGCCTTGTATGGCA",5.70147299395091,-6.95340030334782
"SMARTseqFINAL_allLanes_TGTGCCTTTCCAACAG",3.36841320620067,-4.59349267624211
"SMARTseqFINAL_allLanes_TGTGCCTTTCTCGGAA",-10.3072159327459,14.7960427508514
"SMARTseqFINAL_allLanes_TTACCTGCAATGCGGA",3.12187671289928,-6.86867301605534
"SMARTseqFINAL_allLanes_TTACCTGCACCTCACA",-11.4374191798162,15.3537123904388
"SMARTseqFINAL_allLanes_TTACCTGCACTGGCAA",-7.32772708310597,-5.87407748840641
"SMARTseqFINAL_allLanes_TTACCTGCAGCGTTCA",-0.908879283804824,5.57446868278194
"SMARTseqFINAL_allLanes_TTACCTGCCCACTGAA",6.64285492525584,-3.08549182556462
"SMARTseqFINAL_allLanes_TTACCTGCCGCCTATA",-3.1341381110143,5.08066947318722
"SMARTseqFINAL_allLanes_TTACCTGCCGGAAGAA",4.63127874956615,-4.05754392288517
"SMARTseqFINAL_allLanes_TTACCTGCCGGCATTA",-3.45383716001027,4.95039732314754
"SMARTseqFINAL_allLanes_TTACCTGCGCATCGAA",4.86463188753612,-3.88063352249455
"SMARTseqFINAL_allLanes_TTACCTGCGGAGACAA",-0.924247745413711,5.03404981948543
"SMARTseqFINAL_allLanes_TTACCTGCGTATGGCA",5.60612177477367,-6.30440108917546
"SMARTseqFINAL_allLanes_TTACCTGCTCAAGCGA",-0.760890606779983,2.99670636214424
"SMARTseqFINAL_allLanes_TTACCTGCTGAAGAGG",6.04494499788768,-3.71102206848454
"SMARTseqFINAL_allLanes_TTAGGCCAAACCGCAA",2.68585657701976,-4.47358482025456
"SMARTseqFINAL_allLanes_TTAGGCCAAATGCGGA",-3.4978334940862,3.63362068988491
"SMARTseqFINAL_allLanes_TTAGGCCAAGCCTGAA",-11.0062611140203,14.9989445910614
"SMARTseqFINAL_allLanes_TTAGGCCAAGCGTTCA",-8.45737862958424,13.0230887637298
"SMARTseqFINAL_allLanes_TTAGGCCAAGTCTCAG",-3.66893792523854,4.49947948314357
"SMARTseqFINAL_allLanes_TTAGGCCACCAACCAA",-0.796575430769851,3.24638272382427
"SMARTseqFINAL_allLanes_TTAGGCCACCACTGAA",2.73556017504222,-3.52495830200505
"SMARTseqFINAL_allLanes_TTAGGCCACTAAGCAG",3.40025972948558,-4.71104018829655
"SMARTseqFINAL_allLanes_TTAGGCCACTCCAGAA",-8.35456776990407,12.9176629290741
"SMARTseqFINAL_allLanes_TTAGGCCAGACACCAA",-11.5197012461614,15.4938729510467
"SMARTseqFINAL_allLanes_TTAGGCCAGAGGAGAA",6.15533756838329,-2.53295247696232
"SMARTseqFINAL_allLanes_TTAGGCCAGTTCTGGA",3.48664116487987,-7.35085647247624
"SMARTseqFINAL_allLanes_TTAGGCCAGTTGACCA",-11.1464741267156,15.9956114993255
"SMARTseqFINAL_allLanes_TTAGGCCATAGCTGGA",-1.7278652228307,3.72858036615062
"SMARTseqFINAL_allLanes_TTAGGCCATCAAGCGA",5.39388012514598,-8.26567714355778
"SMARTseqFINAL_allLanes_TTAGGCCATGATCCGA",5.6930434666682,-6.68578498504948
"SMARTseqFINAL_allLanes_TTCACGACAACCTAGG",6.34401869402415,-5.71414630554508
"SMARTseqFINAL_allLanes_TTCACGACACGCAGAA",-10.6497919596624,14.5539582476776
"SMARTseqFINAL_allLanes_TTCACGACACTCGTAG",3.73414158449657,-5.75587623260807
"SMARTseqFINAL_allLanes_TTCACGACCGCCTATA",5.27586245165355,-8.42100207947087
"SMARTseqFINAL_allLanes_TTCACGACGAATCCAG",3.393170353036,-5.07619779251408
"SMARTseqFINAL_allLanes_TTCACGACGTATGGCA",-5.99531197919362,-6.09837978027653
"SMARTseqFINAL_allLanes_TTCACGACGTTCTGGA",-5.13860345258229,4.36175448753048
"SMARTseqFINAL_allLanes_TTCACGACTAGCTGGA",-3.82371926679127,3.69782854177166
"SMARTseqFINAL_allLanes_TTCACGACTCAAGCGA",3.7726755105067,-7.69788139007878
"SMARTseqFINAL_allLanes_TTCCGTTCACAGTGGA",-1.87575412168019,3.54393292524029
"SMARTseqFINAL_allLanes_TTCCGTTCACGCAGAA",-5.06820512189381,-7.0823284878571
"SMARTseqFINAL_allLanes_TTCCGTTCACGTAACG",6.86981320009715,-3.74127357147526
"SMARTseqFINAL_allLanes_TTCCGTTCAGCCTGAA",-10.5978415049505,15.5792983279388
"SMARTseqFINAL_allLanes_TTCCGTTCAGTCTCAG",-7.51855016126149,-5.93587272308659
"SMARTseqFINAL_allLanes_TTCCGTTCCAATGAGC",-1.64606380834096,5.21654660560299
"SMARTseqFINAL_allLanes_TTCCGTTCCCGGTTAA",5.10392164812572,-4.91034763000798
"SMARTseqFINAL_allLanes_TTCCGTTCCGATGGAA",-1.12899136914723,5.12714869834591
"SMARTseqFINAL_allLanes_TTCCGTTCCGCCTATA",-0.645891074080398,5.35572559692074
"SMARTseqFINAL_allLanes_TTCCGTTCCGGAAGAA",-2.99586415662282,5.16966159202266
"SMARTseqFINAL_allLanes_TTCCGTTCCTCCAGAA",7.3514850102473,-2.83457582138371
"SMARTseqFINAL_allLanes_TTCCGTTCGAATCCAG",5.95990156755931,-5.54854457519841
"SMARTseqFINAL_allLanes_TTCCGTTCGACACCAA",-7.12327599896901,-5.95643584869694
"SMARTseqFINAL_allLanes_TTCCGTTCGACCGTTA",-10.3963272608709,15.209338496701
"SMARTseqFINAL_allLanes_TTCCGTTCGCATCGAA",-10.8491280116033,15.753901790158
"SMARTseqFINAL_allLanes_TTCCGTTCGCGACTAA",3.09319686518199,-5.46361415527653
"SMARTseqFINAL_allLanes_TTCCGTTCGTGAGGAA",6.01004528627879,-2.75403182648014
"SMARTseqFINAL_allLanes_TTCCGTTCGTTCTGGA",-3.12611699475758,5.22144706107784
"SMARTseqFINAL_allLanes_TTCCGTTCGTTGACCA",-10.8413383997869,15.8459189639251
"SMARTseqFINAL_allLanes_TTCCGTTCTACCACGA",5.05590128527171,-4.33651845596623
"SMARTseqFINAL_allLanes_TTCCGTTCTAGCTGGA",-10.9262630976629,14.6156991229217
"SMARTseqFINAL_allLanes_TTCCGTTCTCAAGCGA",4.1184585057307,-4.96052711151432
"SMARTseqFINAL_allLanes_TTCCGTTCTCCAACAG",-1.02342391385548,5.27517802573848
"SMARTseqFINAL_allLanes_TTCCGTTCTCTCGGAA",-4.56569219007008,-7.09342925690007
"SMARTseqFINAL_allLanes_TTCCGTTCTGAAGAGG",6.51266550646312,-4.28143851898503
"SMARTseqFINAL_allLanes_TTCGCTCTAACAACCG",-10.7361309565496,14.7601187930267
"SMARTseqFINAL_allLanes_TTCGCTCTAATGCGGA",2.94834828005321,-6.21676604889225
"SMARTseqFINAL_allLanes_TTCGCTCTACCTCTTG",-6.07877135648244,-6.18450896881413
"SMARTseqFINAL_allLanes_TTCGCTCTAGGATTGG",4.99400162325389,-6.39264838836979
"SMARTseqFINAL_allLanes_TTCGCTCTCGGCATTA",-0.15091532840245,3.72603435374904
"SMARTseqFINAL_allLanes_TTCGCTCTGCTTGCTA",0.129407998185227,3.86341352321316
"SMARTseqFINAL_allLanes_TTCGCTCTGTCCATTG",6.88988041506297,-5.67741172455143
"SMARTseqFINAL_allLanes_TTCGCTCTGTTACTCC",-11.5429127253484,15.9530413851898
"SMARTseqFINAL_allLanes_TTCGCTCTTACCACGA",-11.7741663493108,15.652812312619
"SMARTseqFINAL_allLanes_TTCGCTCTTCAAGCGA",-11.0376102961492,14.7153218493621
"SMARTseqFINAL_allLanes_TTCGCTCTTCCAACAG",-3.70995116605275,2.99845853008438
"SMARTseqFINAL_allLanes_TTCTGACCACGCAGAA",-4.92922091855519,-6.83650176666569
"SMARTseqFINAL_allLanes_TTGCGTCAACAGTGGA",-0.83563566579335,3.14080969549823
"SMARTseqFINAL_allLanes_TTGCGTCAACCTCACA",-11.4210073985051,15.885382007138
"SMARTseqFINAL_allLanes_TTGCGTCAAGTCTCAG",-4.67170977963918,3.67402906276394
"SMARTseqFINAL_allLanes_TTGCGTCACAATGAGC",2.86500668154247,-5.96420066498112
"SMARTseqFINAL_allLanes_TTGCGTCACACAGGAA",5.04463362322337,-4.81131332062077
"SMARTseqFINAL_allLanes_TTGCGTCACCAACCAA",-3.99691653623097,2.86167647250105
"SMARTseqFINAL_allLanes_TTGCGTCACGATGGAA",-4.59143996610158,2.91395626522709
"SMARTseqFINAL_allLanes_TTGCGTCACGCCTATA",-3.34718037023061,3.41722006656337
"SMARTseqFINAL_allLanes_TTGCGTCACGGAAGAA",-4.3687150515508,3.49133164741207
"SMARTseqFINAL_allLanes_TTGCGTCACGGCATTA",-0.0126255191754604,3.53101081706691
"SMARTseqFINAL_allLanes_TTGCGTCACTATGTGG",0.0702155195284581,2.96134794809032
"SMARTseqFINAL_allLanes_TTGCGTCACTCCAGAA",-4.64827227963918,3.86294598437954
"SMARTseqFINAL_allLanes_TTGCGTCATTAACGCC",-4.75599360837453,5.71743996001888
"SMARTseqFINAL_allLanes_TTGCGTCATTGGATGG",3.13016366587169,-5.93028991363835
"SMARTseqFINAL_allLanes_TTGCTACGAACAACCG",3.32609223948009,-7.15434329651188
"SMARTseqFINAL_allLanes_TTGCTACGAACCTAGG",-3.81338382138722,3.37336547233272
"SMARTseqFINAL_allLanes_TTGCTACGAAGAGAGG",-6.30484414472096,-6.18709819458317
"SMARTseqFINAL_allLanes_TTGCTACGACAGTGGA",-4.14979100598805,4.74672050334621
"SMARTseqFINAL_allLanes_TTGCTACGCCACTGAA",3.27141379938609,-4.12426822326969
"SMARTseqFINAL_allLanes_TTGCTACGCGATGGAA",-4.68467212094777,5.60578043319393
"SMARTseqFINAL_allLanes_TTGCTACGCTAACCTC",-4.03649068250172,3.56727309085537
"SMARTseqFINAL_allLanes_TTGCTACGCTAAGCAG",7.33155655489452,-5.50761287353825
"SMARTseqFINAL_allLanes_TTGCTACGGAAGCATG",3.66119885073192,-3.31483142517399
"SMARTseqFINAL_allLanes_TTGCTACGGACACCAA",-4.03223872556203,3.01037723876644
"SMARTseqFINAL_allLanes_TTGCTACGGCATCGAA",-4.81608510388844,-7.62237327240299
"SMARTseqFINAL_allLanes_TTGCTACGGTTCTGGA",-3.09060478581898,4.24454815246273
"SMARTseqFINAL_allLanes_TTGCTACGTAGCTGGA",6.31169104204662,-5.61468093536686
"SMARTseqFINAL_allLanes_TTGCTACGTCGTGGTA",-5.33119416608327,5.19829137183834
"SMARTseqFINAL_allLanes_TTGCTACGTGAAGAGG",-0.542464856047561,4.12669570304561
"SMARTseqFINAL_allLanes_TTGGAACCAACCTAGG",4.63076543436534,-4.6553880467255
"SMARTseqFINAL_allLanes_TTGGAACCAATGCGGA",-4.79508757962697,-7.7650095715363
"SMARTseqFINAL_allLanes_TTGGAACCCACAGGAA",-1.07543754949086,4.76474542476345
"SMARTseqFINAL_allLanes_TTGGAACCCCTGAGAA",-7.35649705304616,-5.93295924804997
"SMARTseqFINAL_allLanes_TTGGAACCCGCCTATA",-6.25175071134084,-6.00733440063786
"SMARTseqFINAL_allLanes_TTGGAACCGACCGTTA",4.6866147481013,-7.8357350125153
"SMARTseqFINAL_allLanes_TTGGAACCGCATCGAA",6.64649939165599,-2.53803508423161
"SMARTseqFINAL_allLanes_TTGGAACCGCGACTAA",-0.0758550800275112,4.01152355529476
"SMARTseqFINAL_allLanes_TTGGAACCGGAGACAA",-5.23897242917531,-7.13154380462956
"SMARTseqFINAL_allLanes_TTGGAACCTCCAACAG",-5.52978158368581,-6.33790366791081
"SMARTseqFINAL_allLanes_TTGGAACCTCGTGGTA",7.66827320681102,-4.03118817947697
"SMARTseqFINAL_allLanes_TTGGAACCTCTCGGAA",-10.1400816477727,14.9711240039032
"SMARTseqFINAL_allLanes_TTGGAACCTGAAGAGG",7.55895733461864,-4.07500474594425
"SMARTseqFINAL_allLanes_TTGGACAGAACAACCG",3.22121572123058,-6.48645084045719
"SMARTseqFINAL_allLanes_TTGGACAGAACCGCAA",5.76105332003123,-4.31583373688053
"SMARTseqFINAL_allLanes_TTGGACAGACTGGCAA",-1.26128232850545,3.12842501260448
"SMARTseqFINAL_allLanes_TTGGACAGAGCCTGAA",-4.54438376798146,3.90326888419796
"SMARTseqFINAL_allLanes_TTGGACAGAGCGTTCA",2.64433753118999,-3.89382617615055
"SMARTseqFINAL_allLanes_TTGGACAGCAATGAGC",-1.25009739770406,3.41388673640896
"SMARTseqFINAL_allLanes_TTGGACAGCCAACCAA",-4.08217072858327,3.41146696664501
"SMARTseqFINAL_allLanes_TTGGACAGCCAATTCG",-8.40526509656422,12.9627707705658
"SMARTseqFINAL_allLanes_TTGGACAGCCACTGAA",-4.21971345319264,4.36940224029232
"SMARTseqFINAL_allLanes_TTGGACAGCCGGTTAA",2.71994137392528,-4.45320384643864
"SMARTseqFINAL_allLanes_TTGGACAGCGATGGAA",6.82352327929027,-5.41851203583073
"SMARTseqFINAL_allLanes_TTGGACAGCGCCTATA",6.01281809435374,-6.4204575314362
"SMARTseqFINAL_allLanes_TTGGACAGCGGCATTA",5.19042324648387,-4.93013780258488
"SMARTseqFINAL_allLanes_TTGGACAGCTAACCTC",5.28849482164867,-7.24109618805241
"SMARTseqFINAL_allLanes_TTGGACAGCTCCAGAA",5.03684496508128,-5.02479808471989
"SMARTseqFINAL_allLanes_TTGGACAGGACCGTTA",3.60145520792491,-3.78300826690983
"SMARTseqFINAL_allLanes_TTGGACAGGCGACTAA",5.51745867357738,-4.57863872192692
"SMARTseqFINAL_allLanes_TTGGACAGTACCACGA",4.11540889368541,-6.17457454346012
"SMARTseqFINAL_allLanes_TTGGACAGTAGCTGGA",6.9982511960078,-6.24161689422917
"SMARTseqFINAL_allLanes_TTGGACAGTCAAGCGA",3.59427499399669,-4.59331243179631
"SMARTseqFINAL_allLanes_TTGGACAGTCGTGGTA",-0.462627533812454,3.86448902942348
"SMARTseqFINAL_allLanes_TTGGACAGTGATCCGA",-2.96274924649709,4.5138229832809
"SMARTseqFINAL_allLanes_TTGTCGTGAATGCGGA",-0.146165613074234,2.70995397426296
"SMARTseqFINAL_allLanes_TTGTCGTGATACACGG",-11.7860758341741,15.7823384509246
"SMARTseqFINAL_allLanes_TTGTCGTGCACAGGAA",-6.11378598584645,-6.06674354217839
"SMARTseqFINAL_allLanes_TTGTCGTGCCAACCAA",-4.25782275571339,3.00124859370399
"SMARTseqFINAL_allLanes_TTGTCGTGCCACTGAA",5.58288645372874,-3.44339578293156
"SMARTseqFINAL_allLanes_TTGTCGTGCCTGAGAA",-1.11027253045552,4.20295710422207
"SMARTseqFINAL_allLanes_TTGTCGTGCTAAGCAG",-4.31373191251271,5.63127286292721
"SMARTseqFINAL_allLanes_TTGTCGTGGACACCAA",5.48422693834789,-6.31067531250309
"SMARTseqFINAL_allLanes_TTGTCGTGGCGACTAA",-0.576374772925308,4.22108800269771
"SMARTseqFINAL_allLanes_TTGTCGTGGCTTGCTA",5.27238726244456,-5.17034261368107
"SMARTseqFINAL_allLanes_TTGTCGTGGTGAGGAA",7.57206320391185,-2.98842542312931
"SMARTseqFINAL_allLanes_TTGTCGTGTCGTGGTA",3.94844221697337,-4.53231685303044
"SMARTseqFINAL_allLanes_TTGTCGTGTCTCGGAA",-4.05161595715993,3.70842779733349
"SMARTseqFINAL_allLanes_TTGTCGTGTGATCCGA",-0.414010290045669,4.28885729171444
